{"cameraMode":{"drawMode":0,"name":"Shaded","section":"Shading Mode"},"sceneLighting":true,"audioPlay":false,"sceneViewState":{"m_AlwaysRefresh":false,"showFog":true,"showSkybox":true,"showFlares":true,"showImageEffects":true,"showParticleSystems":true,"showVisualEffectGraphs":true,"m_FxEnabled":true},"in2DMode":false,"pivot":{"x":0.6549701690673828,"y":57.90961837768555,"z":-2.272010326385498},"rotation":{"x":0.2424999475479126,"y":-0.2062041461467743,"z":0.052830372005701068,"w":0.9465118050575256},"size":2.7548272609710695,"orthographic":false}